dataset,part,budget,usage,source tokens,source documents,source length,sample tokens,sample documents,sample length,token reduction,document reduction
dclm-1.0,,3239970000001,0.843,3845395936156,2909739252,1321.6,,,,,
finemath-0.0.0,finemath-4plus,40000000000,3.744,10684233758,6699493,1594.8,,,,,
finepdfs-1.0.0,als_Latn,6110000000,2.596,2353482366,198448,11859.4,,,,,
finepdfs-1.0.0,bos_Latn,3700000000,0.658,5627374893,675140,8335.1,,,,,
finepdfs-1.0.0,bul_Cyrl,4910000000,0.618,7943829750,1290422,6156.0,,,,,
finepdfs-1.0.0,cat_Latn,4360000000,0.393,11084337859,1864511,5944.9,,,,,
finepdfs-1.0.0,ces_Latn,2840000000,0.110,25735988104,5651566,4553.8,,,,,
finepdfs-1.0.0,dan_Latn,3170000000,0.270,11723952358,2415047,4854.5,,,,,
finepdfs-1.0.0,deu_Latn,150000000,0.001,154018911871,36121918,4263.9,,,,,
finepdfs-1.0.0,ekk_Latn,4200000000,1.442,2912687889,552807,5268.9,,,,,
finepdfs-1.0.0,ell_Grek,7700000000,0.467,16495925964,1962841,8404.1,,,,,
finepdfs-1.0.0,eng_Latn,1063780000001,0.808,1316304236277,206917555,6361.5,,,,,
finepdfs-1.0.0,eus_Latn,3470000000,1.287,2696420052,339042,7953.1,,,,,
finepdfs-1.0.0,fin_Latn,3700000000,0.280,13197482048,1980522,6663.6,,,,,
finepdfs-1.0.0,fra_Latn,4840000000,0.029,168589430004,27312270,6172.7,,,,,
finepdfs-1.0.0,gle_Latn,3620000000,12.038,300703698,32760,9179.0,,,,,
finepdfs-1.0.0,glg_Latn,3710000000,2.136,1737198341,290636,5977.2,,,,,
finepdfs-1.0.0,hrv_Latn,3580000000,0.343,10440955240,1436818,7266.7,,,,,
finepdfs-1.0.0,hun_Latn,2800000000,0.097,28761473161,3145494,9143.7,,,,,
finepdfs-1.0.0,isl_Latn,3320000000,1.062,3125767392,362886,8613.6,,,,,
finepdfs-1.0.0,ita_Latn,5960000000,0.073,81555508409,17589182,4636.7,,,,,
finepdfs-1.0.0,lit_Latn,3910000000,0.732,5341006388,870613,6134.8,,,,,
finepdfs-1.0.0,lvs_Latn,5920000000,1.400,4229372445,542194,7800.5,,,,,
finepdfs-1.0.0,mkd_Cyrl,4220000000,2.549,1655260079,164854,10040.8,,,,,
finepdfs-1.0.0,mlt_Latn,4670000000,6.330,737732814,152241,4845.8,,,,,
finepdfs-1.0.0,nld_Latn,4600000000,0.105,43632511070,7795696,5597.0,,,,,
finepdfs-1.0.0,nno_Latn,3150000000,9.241,340874944,91915,3708.6,,,,,
finepdfs-1.0.0,nob_Latn,3080000000,0.309,9974679166,1501170,6644.6,,,,,
finepdfs-1.0.0,pol_Latn,2900000000,0.070,41724854569,9692213,4305.0,,,,,
finepdfs-1.0.0,por_Latn,5280000000,0.056,94299880209,12045013,7829.0,,,,,
finepdfs-1.0.0,ron_Latn,3370000000,0.165,20365874849,3265132,6237.4,,,,,
finepdfs-1.0.0,slk_Latn,3400000001,0.317,10722613075,2251520,4762.4,,,,,
finepdfs-1.0.0,slv_Latn,4140000000,0.587,7058209834,930944,7581.8,,,,,
finepdfs-1.0.0,spa_Latn,4150000000,0.019,214982410543,25629014,8388.2,,,,,
finepdfs-1.0.0,srp_Cyrl,3410000000,0.338,10096061037,945085,10682.7,,,,,
finepdfs-1.0.0,swe_Latn,3310000000,0.151,21917786744,4125120,5313.2,,,,,
finepdfs-1.0.0,tur_Latn,6390000000,0.414,15429740155,1699676,9078.0,,,,,
finepdfs-1.0.0,ukr_Cyrl,2370000000,0.097,24556069044,2677732,9170.5,,,,,
finepdfs-edu-1.0.0,als_Latn,470000000,0.995,472332224,20962,22532.8,,,,,
finepdfs-edu-1.0.0,bos_Latn,980000000,0.998,981965136,73418,13375.0,,,,,
finepdfs-edu-1.0.0,bul_Cyrl,1250000000,1.003,1245739246,138264,9009.9,,,,,
finepdfs-edu-1.0.0,cat_Latn,1150000000,1.001,1148874840,200432,5732.0,,,,,
finepdfs-edu-1.0.0,ces_Latn,4080000000,1.001,4076220329,586520,6949.8,,,,,
finepdfs-edu-1.0.0,dan_Latn,1690000000,1.003,1685264681,256425,6572.2,,,,,
finepdfs-edu-1.0.0,deu_Latn,16810000000,1.000,16814852514,3844508,4373.7,,,,,
finepdfs-edu-1.0.0,ekk_Latn,410000000,1.008,406649970,57559,7064.9,,,,,
finepdfs-edu-1.0.0,ell_Grek,2340000000,1.001,2338140100,209039,11185.2,,,,,
finepdfs-edu-1.0.0,eng_Latn,141840000000,1.000,141839278641,23023372,6160.7,,,,,
finepdfs-edu-1.0.0,eus_Latn,300000000,1.016,295150093,37708,7827.3,,,,,
finepdfs-edu-1.0.0,fin_Latn,1960000000,1.000,1960226158,211328,9275.8,,,,,
finepdfs-edu-1.0.0,fra_Latn,17540000000,1.000,17538489293,2983957,5877.6,,,,,
finepdfs-edu-1.0.0,glg_Latn,240000000,1.017,235935307,30901,7635.2,,,,,
finepdfs-edu-1.0.0,hrv_Latn,1630000000,0.999,1631281189,149301,10926.1,,,,,
finepdfs-edu-1.0.0,hun_Latn,4870000000,1.000,4870661193,343121,14195.2,,,,,
finepdfs-edu-1.0.0,isl_Latn,250000000,1.000,249999161,40080,6237.5,,,,,
finepdfs-edu-1.0.0,ita_Latn,10210000000,1.000,10213000226,1868040,5467.2,,,,,
finepdfs-edu-1.0.0,lit_Latn,880000000,1.002,877919983,96715,9077.4,,,,,
finepdfs-edu-1.0.0,lvs_Latn,560000000,1.006,556807151,58471,9522.8,,,,,
finepdfs-edu-1.0.0,mkd_Cyrl,270000000,1.016,265851572,18262,14557.6,,,,,
finepdfs-edu-1.0.0,mlt_Latn,100000001,1.038,96357755,16490,5843.4,,,,,
finepdfs-edu-1.0.0,nld_Latn,4900000000,1.000,4900246544,847361,5783.0,,,,,
finepdfs-edu-1.0.0,nno_Latn,40000000,0.972,41136949,9718,4233.1,,,,,
finepdfs-edu-1.0.0,nob_Latn,1300000000,0.999,1300940922,163254,7968.8,,,,,
finepdfs-edu-1.0.0,pol_Latn,7530000000,1.000,7533696810,1001475,7522.6,,,,,
finepdfs-edu-1.0.0,por_Latn,12840000000,1.000,12838655867,1269644,10112.0,,,,,
finepdfs-edu-1.0.0,ron_Latn,4440000000,1.000,4438041427,328609,13505.5,,,,,
finepdfs-edu-1.0.0,slk_Latn,1840000000,0.999,1842001862,228821,8050.0,,,,,
finepdfs-edu-1.0.0,slv_Latn,620000000,1.004,617331653,101931,6056.4,,,,,
finepdfs-edu-1.0.0,spa_Latn,28470000000,1.000,28472950718,2820804,10093.9,,,,,
finepdfs-edu-1.0.0,srp_Cyrl,1920000000,0.999,1921150029,97596,19684.7,,,,,
finepdfs-edu-1.0.0,swe_Latn,3270000000,0.999,3274257693,432453,7571.4,,,,,
finepdfs-edu-1.0.0,tur_Latn,2450000000,1.001,2447914948,185207,13217.2,,,,,
finepdfs-edu-1.0.0,ukr_Cyrl,4780000000,0.999,4784078683,290072,16492.7,,,,,
hplt-3.0,als_Latn,20580000000,1.616,10529092443,11184735,941.4,12735057119,11553014,1102.3,1.210,1.033
hplt-3.0,bos_Latn,14620000000,0.515,27695837667,37078307,747.0,28369365455,33146029,855.9,1.024,0.894
hplt-3.0,bul_Cyrl,19250000000,0.437,42713367493,42967942,994.1,44047770549,34365250,1281.8,1.031,0.800
hplt-3.0,cat_Latn,17250000000,0.809,21035306449,26411847,796.4,21332937789,23215502,918.9,1.014,0.879
hplt-3.0,ces_Latn,21640000000,0.297,93521314847,107802248,867.5,72797502627,63615972,1144.3,0.778,0.590
hplt-3.0,dan_Latn,15190000000,0.399,55465847872,52498797,1056.5,38057695126,27139565,1402.3,0.686,0.517
hplt-3.0,deu_Latn,53000000000,0.129,548693366012,645363459,850.2,409771437417,417832212,980.7,0.747,0.647
hplt-3.0,ekk_Latn,14410000000,0.900,17670864848,13735919,1286.5,16008787170,10232495,1564.5,0.906,0.745
hplt-3.0,ell_Grek,31380000000,0.276,103562684310,87390814,1185.1,113760793799,77834075,1461.6,1.098,0.891
hplt-3.0,eus_Latn,11760000000,4.645,2537717669,3219485,788.2,2531857029,2659566,952.0,0.998,0.826
hplt-3.0,fin_Latn,17700000000,0.331,63971845965,49558089,1290.8,53435542482,35624608,1500.0,0.835,0.719
hplt-3.0,fra_Latn,69950000000,0.144,625713569595,603878673,1036.2,485436904488,387716721,1252.0,0.776,0.642
hplt-3.0,gle_Latn,12080000000,22.393,827777248,786690,1052.2,539450394,394625,1367.0,0.652,0.502
hplt-3.0,glg_Latn,12320000000,4.404,2993652432,4033272,742.2,2797336331,3328131,840.5,0.934,0.825
hplt-3.0,hrv_Latn,16260000000,0.570,30263415562,31156692,971.3,28502966404,24452711,1165.6,0.942,0.785
hplt-3.0,hun_Latn,23950000000,0.279,90780586862,75122917,1208.4,85733620427,57726169,1485.2,0.944,0.768
hplt-3.0,isl_Latn,11160000000,3.063,4816712669,4295927,1121.2,3643321416,3154128,1155.1,0.756,0.734
hplt-3.0,ita_Latn,50540000000,0.191,297646358391,362985922,820.0,264842325275,280981402,942.6,0.890,0.774
hplt-3.0,lit_Latn,14970000000,0.709,22728917285,20406756,1113.8,21105335957,14029894,1504.3,0.929,0.688
hplt-3.0,lvs_Latn,20260000000,1.106,18704139033,11323409,1651.8,18323269599,8430729,2173.4,0.980,0.745
hplt-3.0,mkd_Cyrl,14020000000,3.223,4808723524,6791451,708.1,4350041346,5578236,779.8,0.905,0.821
hplt-3.0,mlt_Latn,14910000000,13.147,752134448,752735,999.2,1134067866,1029398,1101.7,1.508,1.368
hplt-3.0,nld_Latn,29710000000,0.229,168278087959,200688712,838.5,129521422503,121001135,1070.4,0.770,0.603
hplt-3.0,nno_Latn,9970000000,7.716,1420558546,1509659,941.0,1292178186,1139383,1134.1,0.910,0.755
hplt-3.0,nob_Latn,13700000000,0.461,44588677570,36487123,1222.0,29743379268,21943973,1355.4,0.667,0.601
hplt-3.0,pol_Latn,32590000000,0.197,221631136292,255893058,866.1,165110491980,156131090,1057.5,0.745,0.610
hplt-3.0,por_Latn,56650000000,0.177,327821314241,342527772,957.1,319697678788,284285413,1124.6,0.975,0.830
hplt-3.0,ron_Latn,24410000000,0.249,98113338882,95911906,1023.0,98041896419,79664158,1230.7,0.999,0.831
hplt-3.0,slk_Latn,16370000000,0.684,33059373007,36370822,909.0,23950114939,20513369,1167.5,0.724,0.564
hplt-3.0,slv_Latn,14860000000,0.944,17563684478,16812095,1044.7,15734669648,11760701,1337.9,0.896,0.700
hplt-3.0,spa_Latn,101920000000,0.172,692156868974,725580145,953.9,591532340403,548670453,1078.1,0.855,0.756
hplt-3.0,srp_Cyrl,16670000000,1.711,9022705657,7081710,1274.1,9742673197,6686853,1457.0,1.080,0.944
hplt-3.0,swe_Latn,20570000000,0.281,101847772616,97717372,1042.3,73208277071,59190246,1236.8,0.719,0.606
hplt-3.0,tur_Latn,27630000000,0.235,149012480113,159466598,934.4,117729321618,113976998,1032.9,0.790,0.715
hplt-3.0,ukr_Cyrl,22340000000,0.274,75602173611,80026949,944.7,81675297131,71192698,1147.2,1.080,0.890
megamath-0.0.0,megamath-text-code-block,20000000000,0.415,48138848818,52686522,913.7,,,,,
megamath-0.0.0,megamath-web-pro,20000000000,1.410,14183867585,14978856,946.9,,,,,
nemotron-cc-1.0,high/actual,540000000000,0.954,565924264266,746497814,758.1,,,,,
nemotron-cc-1.0,medium/actual,1314400000000,0.637,2063798579550,2284127609,903.5,,,,,
nemotron-cc-1.0,medium-high/actual,540010000001,1.048,515465110905,558672867,922.7,,,,,
nemotron-cc-opus-1.1,bos_Latn,9940000000,0.100,98924620356,156431999,632.4,,,,,
nemotron-cc-opus-1.1,bul_Cyrl,13090000000,0.106,123243592462,156431999,787.8,,,,,
nemotron-cc-opus-1.1,cat_Latn,11730000000,0.094,124353668852,156431999,794.9,,,,,
nemotron-cc-opus-1.1,ces_Latn,14710000000,0.154,95432402395,156431999,610.1,,,,,
nemotron-cc-opus-1.1,ell_Grek,21330000000,0.138,154930307068,156431999,990.4,,,,,
nemotron-cc-opus-1.1,est_Latn,9800000000,0.085,114680244889,156431999,733.1,,,,,
nemotron-cc-opus-1.1,eus_Latn,8000000000,0.078,102052460721,156431999,652.4,,,,,
nemotron-cc-opus-1.1,gle_Latn,8460000000,0.067,126261928559,156431999,807.1,,,,,
nemotron-cc-opus-1.1,glg_Latn,8380000000,0.076,109875137469,156431999,702.4,,,,,
nemotron-cc-opus-1.1,hrv_Latn,11060000000,0.102,108210878830,156431999,691.7,,,,,
nemotron-cc-opus-1.1,lav_Latn,13770000000,0.081,170792299748,156431999,1091.8,,,,,
nemotron-cc-opus-1.1,lit_Latn,10180000000,0.089,114912176393,156431999,734.6,,,,,
nemotron-cc-opus-1.1,mkd_Cyrl,9530000000,0.076,125518960998,156431999,802.4,,,,,
nemotron-cc-opus-1.1,mlt_Latn,10140000000,0.075,134951009011,156431999,862.7,,,,,
nemotron-cc-opus-1.1,slk_Latn,11130000000,0.098,113218597419,156431999,723.8,,,,,
nemotron-cc-opus-1.1,slv_Latn,10100000000,0.090,112583053500,156431999,719.7,,,,,
nemotron-cc-opus-1.1,sqi_Latn,14000000000,0.080,174219266179,156431999,1113.7,,,,,
nemotron-cc-opus-1.1,srp_Cyrl,11340000000,0.087,130924280324,156431999,836.9,,,,,
nemotron-cc-opus-1.1,tur_Latn,18790000000,0.160,117196064386,156431999,749.2,,,,,
nemotron-cc-tower+-0.1,parallel/tower72b/deu_Latn,36040000000,0.440,81859660544,140359346,583.2,,,,,
nemotron-cc-tower+-0.1,parallel/tower72b/fin_Latn,12040000000,0.129,93248682940,140359346,664.4,,,,,
nemotron-cc-tower+-0.1,parallel/tower72b/ita_Latn,34370000000,0.418,82285655894,140359346,586.2,,,,,
nemotron-cc-tower+-0.1,parallel/tower72b/spa_Latn,69300000000,0.756,91611305219,140359346,652.7,,,,,
nemotron-cc-tower+-0.1,parallel/tower72b/swe_Latn,13990000000,0.156,89681716339,140359346,638.9,,,,,
nemotron-cc-tower+-0.1,parallel/tower9b/dan_Latn,10330000000,0.118,87700534458,140359346,624.8,,,,,
nemotron-cc-tower+-0.1,parallel/tower9b/fra_Latn,47560000000,0.465,102377460080,140359346,729.4,,,,,
nemotron-cc-tower+-0.1,parallel/tower9b/hun_Latn,16290000000,0.163,99853552237,140359346,711.4,,,,,
nemotron-cc-tower+-0.1,parallel/tower9b/isl_Latn,7590000000,0.078,97348571405,140359346,693.6,,,,,
nemotron-cc-tower+-0.1,parallel/tower9b/nld_Latn,20200000000,0.216,93648923682,140359346,667.2,,,,,
nemotron-cc-tower+-0.1,parallel/tower9b/nno_Latn,6780000000,0.075,90132244358,140359346,642.2,,,,,
nemotron-cc-tower+-0.1,parallel/tower9b/nob_Latn,9320000000,0.111,84161194674,140359346,599.6,,,,,
nemotron-cc-tower+-0.1,parallel/tower9b/pol_Latn,22160000000,0.264,83828958663,140359346,597.2,,,,,
nemotron-cc-tower+-0.1,parallel/tower9b/por_Latn,38520000000,0.427,90185273844,140359346,642.5,,,,,
nemotron-cc-tower+-0.1,parallel/tower9b/ron_Latn,16600000000,0.166,100047217252,140359346,712.8,,,,,
nemotron-cc-tower+-0.1,parallel/tower9b/ukr_Cyrl,15190000000,0.148,102496405840,140359346,730.2,,,,,
olmo-mix-1124,arxiv,92000000000,4.121,22325465870,3950480,5651.3,,,,,
olmo-mix-1124,pes2o,253000000000,4.192,60351920673,38811179,1555.0,,,,,
olmo-mix-1124,wiki,15000000000,3.910,3836025828,6171220,621.6,,,,,
starcoder-0.0.0,,720000000001,2.601,276861687159,206642239,1339.8,,,,,
