dataset,part,budget,usage,source tokens,source documents,source length,sample tokens,sample documents,sample length,token reduction,document reduction ,release tokens,release documents,release length,token reduction,document reduction
agenttrove-0.0,data,80882784000,4.000,20220696106,1568412,12892.5,,,,,,20220696106,1568412,12892.5,1.000,1.000
common-pile-stackv2-0.1,documents,2782210411500,0.980,2928642538533,218364133,13411.7,2839037251355,212703947,13347.4,0.969,0.974,709743563645,53178527,13346.4,0.242,0.244
common-pile-stackv2-edu-0.1,documents,160120374000,2.000,80134962542,67793087,1182.1,80060187066,67741990,1181.8,0.999,0.999,80060187066,67741990,1181.8,0.999,0.999
dclm-1.0,,1357475785501,0.349,3884321346581,2939202307,1321.6,,,,,,3878502261028,2938207499,1320.0,0.999,1.000
dochplt-3.1,bos_Latn-eng_Latn,1225050000,0.840,1458416629,1514533,962.9,,,,,,458775884,511225,897.4,0.315,0.338
dochplt-3.1,bul_Cyrl-eng_Latn,259500000,0.036,7207524299,5358722,1345.0,,,,,,65389726,54529,1199.2,0.009,0.010
dochplt-3.1,cat_Latn-eng_Latn,266700000,0.075,3556820287,4360574,815.7,,,,,,69721698,89493,779.1,0.020,0.021
dochplt-3.1,ces_Latn-eng_Latn,342450000,0.115,2977354007,2952715,1008.3,,,,,,87212362,90338,965.4,0.029,0.031
dochplt-3.1,dan_Latn-eng_Latn,375450000,0.100,3754764061,3761938,998.1,,,,,,640084934,656563,974.9,0.170,0.175
dochplt-3.1,ell_Grek-eng_Latn,143250000,0.039,3673046234,2952707,1244.0,,,,,,37252975,30638,1215.9,0.010,0.010
dochplt-3.1,eng_Latn-est_Latn,853800000,0.260,3283654344,2059801,1594.2,,,,,,620548858,432874,1433.6,0.189,0.210
dochplt-3.1,eng_Latn-eus_Latn,455700000,1.000,455642683,447604,1018.0,,,,,,311536813,312112,998.2,0.684,0.697
dochplt-3.1,eng_Latn-fin_Latn,1331550000,0.445,2992086059,2739032,1092.4,,,,,,1661398728,1572357,1056.6,0.555,0.574
dochplt-3.1,eng_Latn-gle_Latn,82350000,0.086,958343806,599788,1597.8,,,,,,202557031,128498,1576.3,0.211,0.214
dochplt-3.1,eng_Latn-glg_Latn,331350000,0.500,662806290,707166,937.3,,,,,,290615975,319626,909.2,0.438,0.452
dochplt-3.1,eng_Latn-hrv_Latn,1509750000,0.245,6162180063,5287964,1165.3,,,,,,839211587,801427,1047.1,0.136,0.152
dochplt-3.1,eng_Latn-hun_Latn,1548900000,0.600,2581421257,2134387,1209.4,,,,,,2353824622,2075523,1134.1,0.912,0.972
dochplt-3.1,eng_Latn-isl_Latn,463050000,0.300,1543380191,1357330,1137.1,,,,,,362435769,323213,1121.4,0.235,0.238
dochplt-3.1,eng_Latn-lav_Latn,1842600001,0.290,6353836051,2893702,2195.7,,,,,,490245987,234876,2087.3,0.077,0.081
dochplt-3.1,eng_Latn-lit_Latn,1521150000,0.300,5070694065,3202645,1583.3,,,,,,589079061,392966,1499.1,0.116,0.123
dochplt-3.1,eng_Latn-mkd_Cyrl,379950000,0.400,950047767,737649,1287.9,,,,,,337745176,271163,1245.5,0.356,0.368
dochplt-3.1,eng_Latn-mlt_Latn,114300000,0.100,1142415407,298366,3828.9,,,,,,183046530,57112,3205.0,0.160,0.191
dochplt-3.1,eng_Latn-nno_Latn,44850000,1.249,35912599,62707,572.7,,,,,,71566708,124168,576.4,1.993,1.980
dochplt-3.1,eng_Latn-nob_Latn,1327800000,0.214,6204850069,6157104,1007.8,,,,,,1301634290,1336545,973.9,0.210,0.217
dochplt-3.1,eng_Latn-ron_Latn,864600000,0.317,2727485036,2513001,1085.3,,,,,,2575529093,2422698,1063.1,0.944,0.964
dochplt-3.1,eng_Latn-slk_Latn,1513800000,0.218,6944119403,5750603,1207.5,,,,,,1231568558,1118557,1101.0,0.177,0.195
dochplt-3.1,eng_Latn-slv_Latn,1009500000,0.262,3853250158,2243604,1717.4,,,,,,734921214,475686,1545.0,0.191,0.212
dochplt-3.1,eng_Latn-sqi_Latn,487050000,0.320,1522153554,983718,1547.3,,,,,,490196729,330597,1482.8,0.322,0.336
dochplt-3.1,eng_Latn-srp_Cyrl,2314650000,1.325,1746859816,1113017,1569.5,,,,,,698547178,468555,1490.9,0.400,0.421
dochplt-3.1,eng_Latn-tur_Latn,1576500000,0.700,2252040524,2375135,948.2,,,,,,2152144059,2317072,928.8,0.956,0.976
dochplt-3.1,eng_Latn-ukr_Cyrl,82050000,2.998,27365473,68987,396.7,,,,,,26084150,67325,387.4,0.953,0.976
dolmino-mix-100b-1125,ingredient2-cranecode,25597686000,2.002,12788409020,10434183,1225.6,,,,,,12788409020,10434183,1225.6,1.000,1.000
dolmino-mix-100b-1125,ingredient2-cranemath,24987184500,4.004,6240244040,6552245,952.4,,,,,,6240244040,6552245,952.4,1.000,1.000
dolmino-mix-100b-1125,ingredient2-dolmino-math,47332968000,4.007,11812289415,20952603,563.8,,,,,,11812289415,20952603,563.8,1.000,1.000
dolmino-mix-100b-1125,ingredient2-megamatt,7664853000,4.006,1913194136,3019047,633.7,,,,,,1913194136,3019047,633.7,1.000,1.000
dolmino-mix-100b-1125,ingredient2-omr-rewrite-fullthoughts,3668724000,4.001,916890151,290738,3153.7,,,,,,916890151,290738,3153.7,1.000,1.000
dolmino-mix-100b-1125,ingredient2-program_verifiable,718926000,4.003,179592759,138559,1296.1,,,,,,179592759,138559,1296.1,1.000,1.000
dolmino-mix-100b-1125,ingredient2-stack_edu-fim,40113901500,3.003,13356343998,14956482,893.0,,,,,,13356343998,14956482,893.0,1.000,1.000
dolmino-mix-100b-1125,ingredient2-tinymath-mind,5349033000,4.006,1335116643,2141512,623.4,,,,,,1335116643,2141512,623.4,1.000,1.000
finemath-0.0.0,finemath-3plus,157485705000,4.000,39371426362,21405610,1839.3,,,,,,39371426362,21405610,1839.3,1.000,1.000
fineopus-filtered-0.4,eng_Latn-als_Latn,850050000,0.250,3398425405,68592964,49.5,,,,,,642088078,269939,2378.6,0.189,0.004
fineopus-filtered-0.4,eng_Latn-bul_Cyrl,7500000,4.035,1858873,96507,19.3,,,,,,2701770,2405,1123.4,1.453,0.025
fineopus-filtered-0.4,eng_Latn-cat_Latn,22800000,3.991,5712629,425624,13.4,,,,,,9067486,10633,852.8,1.587,0.025
fineopus-filtered-0.4,eng_Latn-ces_Latn,27450000,4.004,6855841,524474,13.1,,,,,,10463584,13087,799.5,1.526,0.025
fineopus-filtered-0.4,eng_Latn-dan_Latn,60300000,1.000,60307753,2236116,27.0,,,,,,76630099,55360,1384.2,1.271,0.025
fineopus-filtered-0.4,eng_Latn-deu_Latn,928050000,3.992,232472718,4233525,54.9,,,,,,261130072,105641,2471.9,1.123,0.025
fineopus-filtered-0.4,eng_Latn-ekk_Latn,640050000,0.241,2650981506,57729950,45.9,,,,,,778292200,362164,2149.0,0.294,0.006
fineopus-filtered-0.4,eng_Latn-ell_Grek,13050000,3.989,3271187,134635,24.3,,,,,,5121755,3358,1525.2,1.566,0.025
fineopus-filtered-0.4,eng_Latn-est_Latn,48900000,0.241,202757638,8739800,23.2,,,,,,70433564,54608,1289.8,0.347,0.006
fineopus-filtered-0.4,eng_Latn-eus_Latn,286950000,1.000,287089897,9999104,28.7,,,,,,365530148,249617,1464.4,1.273,0.025
fineopus-filtered-0.4,eng_Latn-fin_Latn,1366050000,0.200,6831536686,168147457,40.6,,,,,,2120678838,1095739,1935.4,0.310,0.007
fineopus-filtered-0.4,eng_Latn-fra_Latn,21827250000,0.504,43329820372,790084931,54.8,,,,,,31551219945,12793966,2466.1,0.728,0.016
fineopus-filtered-0.4,eng_Latn-gle_Latn,68250000,0.070,974783726,23919291,40.8,,,,,,250608762,131414,1907.0,0.257,0.005
fineopus-filtered-0.4,eng_Latn-glg_Latn,289800000,0.600,482889265,14705303,32.8,,,,,,375982759,230969,1627.8,0.779,0.016
fineopus-filtered-0.4,eng_Latn-hrv_Latn,1071000000,0.300,3573555303,93759873,38.1,,,,,,1168035008,636258,1835.8,0.327,0.007
fineopus-filtered-0.4,eng_Latn-hun_Latn,1453200000,0.280,5194560454,136459945,38.1,,,,,,3734502918,2033698,1836.3,0.719,0.015
fineopus-filtered-0.4,eng_Latn-isl_Latn,441450000,0.520,848562574,20995403,40.4,,,,,,454878247,231079,1968.5,0.536,0.011
fineopus-filtered-0.4,eng_Latn-ita_Latn,7725900000,0.459,16846566799,369353797,45.6,,,,,,10717750935,5112114,2096.5,0.636,0.014
fineopus-filtered-0.4,eng_Latn-lav_Latn,19950000,0.271,73545068,3277994,22.4,,,,,,17691394,14284,1238.5,0.241,0.004
fineopus-filtered-0.4,eng_Latn-lit_Latn,834000000,0.300,2783343755,57815663,48.1,,,,,,712550071,318271,2238.8,0.256,0.006
fineopus-filtered-0.4,eng_Latn-ltg_Latn,2250000,0.521,4320096,174227,24.8,,,,,,5848616,4343,1346.7,1.354,0.025
fineopus-filtered-0.4,eng_Latn-lvs_Latn,59700000,0.019,3084939256,44589196,69.2,,,,,,582202970,186561,3120.7,0.189,0.004
fineopus-filtered-0.4,eng_Latn-mkd_Cyrl,443850000,0.550,806579558,19490124,41.4,,,,,,422313203,214423,1969.5,0.524,0.011
fineopus-filtered-0.4,eng_Latn-mlt_Latn,121950000,0.100,1219307171,20850547,58.5,,,,,,260657802,98256,2652.8,0.214,0.005
fineopus-filtered-0.4,eng_Latn-nld_Latn,4830900000,0.379,12746054549,314481673,40.5,,,,,,6225536795,3287222,1893.9,0.488,0.010
fineopus-filtered-0.4,eng_Latn-nno_Latn,151200000,1.399,108112949,3472734,31.1,,,,,,145370944,86526,1680.1,1.345,0.025
fineopus-filtered-0.4,eng_Latn-nob_Latn,1443150000,0.320,4511594830,106337270,42.4,,,,,,1629296491,779290,2090.7,0.361,0.007
fineopus-filtered-0.4,eng_Latn-pol_Latn,6051750000,0.787,7685075140,205374433,37.4,,,,,,8069239475,4560343,1769.4,1.050,0.022
fineopus-filtered-0.4,eng_Latn-por_Latn,8554650000,0.489,17484212845,391202913,44.7,,,,,,12483020637,5937094,2102.5,0.714,0.015
fineopus-filtered-0.4,eng_Latn-ron_Latn,1815000000,0.300,6050675962,156733165,38.6,,,,,,3355061738,1804866,1858.9,0.554,0.012
fineopus-filtered-0.4,eng_Latn-slk_Latn,1185000000,0.300,3947514348,91228672,43.3,,,,,,1608948237,786988,2044.4,0.408,0.009
fineopus-filtered-0.4,eng_Latn-slv_Latn,1120050000,0.400,2798047536,67777448,41.3,,,,,,973914468,496298,1962.4,0.348,0.007
fineopus-filtered-0.4,eng_Latn-spa_Latn,24684300000,0.500,49414026686,968157873,51.0,,,,,,36313492513,15687890,2314.7,0.735,0.016
fineopus-filtered-0.4,eng_Latn-srp_Cyrl,787500000,0.931,845578127,18467270,45.8,,,,,,300704264,139862,2150.0,0.356,0.008
fineopus-filtered-0.4,eng_Latn-srp_Latn,396900000,0.237,1678003033,67800208,24.7,,,,,,674861987,516856,1305.7,0.402,0.008
fineopus-filtered-0.4,eng_Latn-swe_Latn,2862900000,0.407,7027912356,185446516,37.9,,,,,,3639129626,1989990,1828.7,0.518,0.011
fineopus-filtered-0.4,eng_Latn-tur_Latn,2290050000,0.520,4407837305,125955158,35.0,,,,,,5075667449,3031248,1674.4,1.152,0.024
fineopus-filtered-0.4,eng_Latn-ukr_Cyrl,2542800000,0.816,3115328573,59710659,52.2,,,,,,3224060396,1343023,2400.6,1.035,0.022
finepdfs-1.0.0,als_Latn,1396500000,0.593,2353482366,198448,11859.4,2353482366,198448,11859.4,1.000,1.000,2353276308,198441,11858.8,1.000,1.000
finepdfs-1.0.0,bos_Latn,1139250000,0.202,5627374893,675140,8335.1,5627374893,675140,8335.1,1.000,1.000,5627402727,675140,8335.2,1.000,1.000
finepdfs-1.0.0,bul_Cyrl,2659200000,0.335,7943829750,1290422,6156.0,7943829750,1290422,6156.0,1.000,1.000,7934485904,1290254,6149.6,0.999,1.000
finepdfs-1.0.0,cat_Latn,2687100000,0.242,11084337859,1864511,5944.9,11084337859,1864511,5944.9,1.000,1.000,11039289514,1863190,5924.9,0.996,0.999
finepdfs-1.0.0,ces_Latn,3505500000,0.136,25735988104,5651566,4553.8,25688544494,5597841,4589.0,0.998,0.990,25666170776,5597541,4585.3,0.997,0.990
finepdfs-1.0.0,dan_Latn,2551800000,0.218,11723952358,2415047,4854.5,11700755862,2390721,4894.2,0.998,0.990,11692057511,2390660,4890.7,0.997,0.990
finepdfs-1.0.0,deu_Latn,19848000000,0.129,154018911871,36121918,4263.9,153464767824,35792534,4287.6,0.996,0.991,153407532480,35791799,4286.1,0.996,0.991
finepdfs-1.0.0,ekk_Latn,1603950000,0.551,2912687889,552807,5268.9,2912687889,552807,5268.9,1.000,1.000,2909946582,552769,5264.3,0.999,1.000
finepdfs-1.0.0,ell_Grek,2698950000,0.164,16495925964,1962841,8404.1,16495925964,1962841,8404.1,1.000,1.000,16468078910,1962297,8392.2,0.998,1.000
finepdfs-1.0.0,eus_Latn,671700000,0.249,2696420052,339042,7953.1,2696420052,339042,7953.1,1.000,1.000,2651905563,338490,7834.5,0.983,0.998
finepdfs-1.0.0,fin_Latn,2511000000,0.190,13197482048,1980522,6663.6,13182908538,1964238,6711.5,0.999,0.992,13175601086,1964062,6708.3,0.998,0.992
finepdfs-1.0.0,fra_Latn,20750100000,0.124,168589430004,27312270,6172.7,167872485215,27008753,6215.5,0.996,0.989,160059281447,26748544,5983.9,0.949,0.979
finepdfs-1.0.0,gle_Latn,174150000,0.579,300703698,32760,9179.0,300703698,32760,9179.0,1.000,1.000,300139566,32755,9163.2,0.998,1.000
finepdfs-1.0.0,glg_Latn,590250000,0.340,1737198341,290636,5977.2,1737198341,290636,5977.2,1.000,1.000,1555101682,286034,5436.8,0.895,0.984
finepdfs-1.0.0,hrv_Latn,2375100000,0.227,10440955240,1436818,7266.7,10440955240,1436818,7266.7,1.000,1.000,10431658410,1436705,7260.8,0.999,1.000
finepdfs-1.0.0,hun_Latn,2784750000,0.097,28761473161,3145494,9143.7,28729188959,3114919,9223.1,0.999,0.990,28685369590,3114726,9209.6,0.997,0.990
finepdfs-1.0.0,isl_Latn,916200001,0.293,3125767392,362886,8613.6,3125767392,362886,8613.6,1.000,1.000,3118801671,362847,8595.4,0.998,1.000
finepdfs-1.0.0,ita_Latn,7363950000,0.091,81555508409,17589182,4636.7,81326410593,17419872,4668.6,0.997,0.990,81154999296,17417102,4659.5,0.995,0.990
finepdfs-1.0.0,lit_Latn,2338500000,0.438,5341006388,870613,6134.8,5341006388,870613,6134.8,1.000,1.000,5328128046,870463,6121.0,0.998,1.000
finepdfs-1.0.0,lvs_Latn,1968750000,0.465,4229372445,542194,7800.5,4229372445,542194,7800.5,1.000,1.000,4225070587,542144,7793.3,0.999,1.000
finepdfs-1.0.0,mkd_Cyrl,844050000,0.510,1655260079,164854,10040.8,1655260079,164854,10040.8,1.000,1.000,1655262954,164854,10040.8,1.000,1.000
finepdfs-1.0.0,mlt_Latn,214800000,0.291,737732814,152241,4845.8,737732814,152241,4845.8,1.000,1.000,737733420,152241,4845.8,1.000,1.000
finepdfs-1.0.0,nld_Latn,4602600000,0.106,43632511070,7795696,5597.0,43582825547,7743299,5628.5,0.999,0.993,43571251353,7742956,5627.2,0.999,0.993
finepdfs-1.0.0,nno_Latn,202650000,0.594,340874944,91915,3708.6,340874944,91915,3708.6,1.000,1.000,340047987,91885,3700.8,0.998,1.000
finepdfs-1.0.0,nob_Latn,2677800000,0.269,9974679166,1501170,6644.6,9965835639,1493434,6673.1,0.999,0.995,9907782898,1492197,6639.7,0.993,0.994
finepdfs-1.0.0,pol_Latn,5742000000,0.138,41724854569,9692213,4305.0,41630299611,9566136,4351.8,0.998,0.987,41611298842,9565606,4350.1,0.997,0.987
finepdfs-1.0.0,por_Latn,8119650001,0.086,94299880209,12045013,7829.0,94203732262,11912903,7907.7,0.999,0.989,93296260101,11905596,7836.3,0.989,0.988
finepdfs-1.0.0,ron_Latn,2514750000,0.124,20365874849,3265132,6237.4,20339626453,3241886,6274.0,0.999,0.993,20287073265,3241505,6258.5,0.996,0.993
finepdfs-1.0.0,slk_Latn,2514900000,0.235,10722613075,2251520,4762.4,10722613075,2251520,4762.4,1.000,1.000,10718624277,2251433,4760.8,1.000,1.000
finepdfs-1.0.0,slv_Latn,2189100000,0.310,7058209834,930944,7581.8,7058209834,930944,7581.8,1.000,1.000,7043450284,930774,7567.3,0.998,1.000
finepdfs-1.0.0,spa_Latn,23456700000,0.110,214982410543,25629014,8388.2,213984848253,25098715,8525.7,0.995,0.979,212231159889,25077715,8462.9,0.987,0.978
finepdfs-1.0.0,srp_Cyrl,1595700000,0.158,10096061037,945085,10682.7,10096061037,945085,10682.7,1.000,1.000,10088354708,945015,10675.3,0.999,1.000
finepdfs-1.0.0,swe_Latn,2716800000,0.124,21917786744,4125120,5313.2,21868591993,4090971,5345.6,0.998,0.992,21867580434,4090937,5345.4,0.998,0.992
finepdfs-1.0.0,tur_Latn,3825000001,0.248,15429740155,1699676,9078.0,15429740155,1699676,9078.0,1.000,1.000,15384412416,1699319,9053.3,0.997,1.000
finepdfs-1.0.0,ukr_Cyrl,2536050000,0.103,24556069044,2677732,9170.5,24556069044,2677732,9170.5,1.000,1.000,24406896795,2675609,9122.0,0.994,0.999
finepdfs-edu-1.0.0,als_Latn,1888050001,3.997,472332224,20962,22532.8,472332224,20962,22532.8,1.000,1.000,472177719,20957,22530.8,1.000,1.000
finepdfs-edu-1.0.0,bos_Latn,3416100000,3.479,981965136,73418,13375.0,981965136,73418,13375.0,1.000,1.000,981980960,73418,13375.2,1.000,1.000
finepdfs-edu-1.0.0,bul_Cyrl,4875000000,3.913,1245739246,138264,9009.9,1245739246,138264,9009.9,1.000,1.000,1241372759,138114,8988.0,0.996,0.999
finepdfs-edu-1.0.0,cat_Latn,4559700000,3.969,1148874840,200432,5732.0,1148874840,200432,5732.0,1.000,1.000,1141271332,200163,5701.7,0.993,0.999
finepdfs-edu-1.0.0,ces_Latn,10541100000,2.591,4076220329,586520,6949.8,4068984792,584636,6959.9,0.998,0.997,4064671949,584523,6953.8,0.997,0.997
finepdfs-edu-1.0.0,dan_Latn,6717750000,3.995,1685264681,256425,6572.2,1681494118,255779,6574.0,0.998,0.997,1680691305,255758,6571.4,0.997,0.997
finepdfs-edu-1.0.0,deu_Latn,59491350000,3.549,16814852514,3844508,4373.7,16761395374,3834214,4371.5,0.997,0.997,16742969982,3833899,4367.1,0.996,0.997
finepdfs-edu-1.0.0,ekk_Latn,1621650000,3.988,406649970,57559,7064.9,406649970,57559,7064.9,1.000,1.000,406190402,57547,7058.4,0.999,1.000
finepdfs-edu-1.0.0,ell_Grek,8101200000,3.465,2338140100,209039,11185.2,2338140100,209039,11185.2,1.000,1.000,2325597188,208786,11138.7,0.995,0.999
finepdfs-edu-1.0.0,eng_Latn,137091075000,0.968,141839278641,23023372,6160.7,141586448212,22956213,6167.7,0.998,0.997,137091075128,22875202,5993.0,0.967,0.994
finepdfs-edu-1.0.0,eus_Latn,1153500000,3.908,295150093,37708,7827.3,295150093,37708,7827.3,1.000,1.000,288726384,37654,7667.9,0.978,0.999
finepdfs-edu-1.0.0,fin_Latn,7530750000,3.844,1960226158,211328,9275.8,1959238283,210799,9294.3,0.999,0.997,1958269300,210777,9290.7,0.999,0.997
finepdfs-edu-1.0.0,fra_Latn,62113950000,3.548,17538489293,2983957,5877.6,17505489170,2971345,5891.4,0.998,0.996,17447123003,2970691,5873.1,0.995,0.996
finepdfs-edu-1.0.0,glg_Latn,855450000,3.626,235935307,30901,7635.2,235935307,30901,7635.2,1.000,1.000,214084088,30326,7059.4,0.907,0.981
finepdfs-edu-1.0.0,hrv_Latn,6487350000,3.977,1631281189,149301,10926.1,1631281189,149301,10926.1,1.000,1.000,1624517505,149214,10887.2,0.996,0.999
finepdfs-edu-1.0.0,hun_Latn,8342100000,1.714,4870661193,343121,14195.2,4867312556,342454,14213.0,0.999,0.998,4831028909,342327,14112.3,0.992,0.998
finepdfs-edu-1.0.0,isl_Latn,997500000,3.990,249999161,40080,6237.5,249999161,40080,6237.5,1.000,1.000,249865550,40074,6235.1,0.999,1.000
finepdfs-edu-1.0.0,ita_Latn,22051650000,2.163,10213000226,1868040,5467.2,10194710404,1863730,5470.1,0.998,0.998,10141432460,1862152,5446.1,0.993,0.997
finepdfs-edu-1.0.0,lit_Latn,3476850000,3.960,877919983,96715,9077.4,877919983,96715,9077.4,1.000,1.000,869287440,96638,8995.3,0.990,0.999
finepdfs-edu-1.0.0,lvs_Latn,2222400000,3.991,556807151,58471,9522.8,556807151,58471,9522.8,1.000,1.000,556021047,58446,9513.4,0.999,1.000
finepdfs-edu-1.0.0,mkd_Cyrl,1061400000,3.992,265851572,18262,14557.6,265851572,18262,14557.6,1.000,1.000,265851783,18262,14557.6,1.000,1.000
finepdfs-edu-1.0.0,mlt_Latn,385500000,4.001,96357755,16490,5843.4,96357755,16490,5843.4,1.000,1.000,96357858,16490,5843.4,1.000,1.000
finepdfs-edu-1.0.0,nld_Latn,13817400000,2.824,4900246544,847361,5783.0,4892853147,845735,5785.3,0.998,0.998,4888258868,845510,5781.4,0.998,0.998
finepdfs-edu-1.0.0,nno_Latn,162450000,3.949,41136949,9718,4233.1,41136949,9718,4233.1,1.000,1.000,40649778,9703,4189.4,0.988,0.998
finepdfs-edu-1.0.0,nob_Latn,5122050000,3.942,1300940922,163254,7968.8,1299491545,162886,7977.9,0.999,0.998,1281536117,162405,7891.0,0.985,0.995
finepdfs-edu-1.0.0,pol_Latn,17227950000,2.292,7533696810,1001475,7522.6,7516070698,998243,7529.3,0.998,0.997,7500270948,998082,7514.7,0.996,0.997
finepdfs-edu-1.0.0,por_Latn,24285600000,1.893,12838655867,1269644,10112.0,12829687716,1266852,10127.2,0.999,0.998,12612207088,1263966,9978.3,0.982,0.996
finepdfs-edu-1.0.0,ron_Latn,7534950001,1.701,4438041427,328609,13505.5,4428717109,327077,13540.3,0.998,0.995,4405831074,326951,13475.5,0.993,0.995
finepdfs-edu-1.0.0,slk_Latn,7360050000,3.996,1842001862,228821,8050.0,1842001862,228821,8050.0,1.000,1.000,1840845741,228770,8046.7,0.999,1.000
finepdfs-edu-1.0.0,slv_Latn,2461800000,3.988,617331653,101931,6056.4,617331653,101931,6056.4,1.000,1.000,616268005,101894,6048.1,0.998,1.000
finepdfs-edu-1.0.0,spa_Latn,70437000000,2.476,28472950718,2820804,10093.9,28447816124,2814662,10107.0,0.999,0.998,27951123485,2806705,9958.7,0.982,0.995
finepdfs-edu-1.0.0,srp_Cyrl,4782600000,2.489,1921150029,97596,19684.7,1921150029,97596,19684.7,1.000,1.000,1915379995,97545,19635.9,0.997,0.999
finepdfs-edu-1.0.0,swe_Latn,8146350000,2.491,3274257693,432453,7571.4,3270033460,431490,7578.5,0.999,0.998,3269025201,431463,7576.6,0.998,0.998
finepdfs-edu-1.0.0,tur_Latn,9714300000,3.968,2447914948,185207,13217.2,2447914948,185207,13217.2,1.000,1.000,2430047170,185087,13129.2,0.993,0.999
finepdfs-edu-1.0.0,ukr_Cyrl,7588050000,1.586,4784078683,290072,16492.7,4784078683,290072,16492.7,1.000,1.000,4736384750,289707,16348.9,0.990,0.999
finephrase-0.0.0,,975087702000,2.000,487543850560,1353978711,360.1,,,,,,487155971928,1353048197,360.0,0.999,0.999
finewiki-0.0.0,bos_Latn,227700000,2.621,86941001,80394,1081.4,86865205,80342,1081.2,0.999,0.999,86403321,80175,1077.7,0.994,0.997
finewiki-0.0.0,bul_Cyrl,531000000,2.329,228451189,284820,802.1,227994431,284655,801.0,0.998,0.999,224725837,283178,793.6,0.984,0.994
finewiki-0.0.0,cat_Latn,1030050001,0.999,1031369865,962290,1071.8,1030836559,961922,1071.6,0.999,1.000,1015167597,958604,1059.0,0.984,0.996
finewiki-0.0.0,ces_Latn,701550000,1.294,542442901,534563,1014.7,542002187,534188,1014.6,0.999,0.999,537344692,532526,1009.0,0.991,0.996
finewiki-0.0.0,dan_Latn,511650000,2.654,192928229,291961,660.8,192803924,291812,660.7,0.999,0.999,187727268,289590,648.3,0.973,0.992
finewiki-0.0.0,deu_Latn,3966000000,1.087,3653342586,2713646,1346.3,3649077060,2712456,1345.3,0.999,1.000,3634597223,2708314,1342.0,0.995,0.998
finewiki-0.0.0,ell_Grek,538950000,1.547,349466649,242517,1441.0,348484282,242315,1438.1,0.997,0.999,340133873,240490,1414.3,0.973,0.992
finewiki-0.0.0,est_Latn,367950000,2.298,160189693,246948,648.7,160099678,246814,648.7,0.999,0.999,155630506,245678,633.5,0.972,0.995
finewiki-0.0.0,eus_Latn,134400000,0.581,231506256,454025,509.9,231407971,453576,510.2,1.000,0.999,224917894,450062,499.7,0.972,0.991
finewiki-0.0.0,fin_Latn,501900000,1.139,441226656,572900,770.2,440675755,572280,770.0,0.999,0.999,435374617,570352,763.3,0.987,0.996
finewiki-0.0.0,fra_Latn,4150950000,1.147,3629135314,2566183,1414.2,3617429052,2564940,1410.3,0.997,1.000,3603718703,2562878,1406.1,0.993,0.999
finewiki-0.0.0,gle_Latn,34800000,1.616,21560064,59536,362.1,21533112,59210,363.7,0.999,0.995,21275369,59072,360.2,0.987,0.992
finewiki-0.0.0,glg_Latn,118050000,0.643,183688450,213941,858.6,183620850,213714,859.2,1.000,0.999,179472312,212481,844.7,0.977,0.993
finewiki-0.0.0,hrv_Latn,477750000,3.034,157736010,196201,804.0,157482557,196015,803.4,0.998,0.999,152532014,194104,785.8,0.967,0.989
finewiki-0.0.0,hun_Latn,556200000,0.824,674991904,515004,1310.7,674761515,514846,1310.6,1.000,1.000,664795597,512728,1296.6,0.985,0.996
finewiki-0.0.0,isl_Latn,129300000,3.958,32813154,58659,559.4,32664456,58595,557.5,0.995,0.999,32329289,58387,553.7,0.985,0.995
finewiki-0.0.0,ita_Latn,1474650000,0.672,2195921533,1799759,1220.1,2194486683,1799081,1219.8,0.999,1.000,2188697066,1797875,1217.4,0.997,0.999
finewiki-0.0.0,lav_Latn,394500000,3.408,115826225,126614,914.8,115767421,126559,914.7,0.999,1.000,115767421,126559,914.7,0.999,1.000
finewiki-0.0.0,lit_Latn,469200000,3.488,134607170,201224,668.9,134530842,201121,668.9,0.999,0.999,132354475,199977,661.8,0.983,0.994
finewiki-0.0.0,mkd_Cyrl,168300000,1.145,147080939,152932,961.7,146958962,152750,962.1,0.999,0.999,145203340,152542,951.9,0.987,0.997
finewiki-0.0.0,mlt_Latn,42900000,2.348,18272912,7553,2419.3,18271481,7551,2419.7,1.000,1.000,18271481,7551,2419.7,1.000,1.000
finewiki-0.0.0,nld_Latn,924150000,0.806,1146368273,2072865,553.0,1145907703,2072535,552.9,1.000,1.000,1138741893,2069962,550.1,0.993,0.999
finewiki-0.0.0,nor_Latn,40500000,0.102,398860889,620802,642.5,398567315,620484,642.3,0.999,0.999,389511037,617252,631.0,0.977,0.994
finewiki-0.0.0,pol_Latn,1146300000,1.051,1092666737,1543918,707.7,1090280414,1543073,706.6,0.998,0.999,1082790687,1541178,702.6,0.991,0.998
finewiki-0.0.0,por_Latn,1624350000,1.355,1199721969,1135383,1056.7,1198836897,1134794,1056.4,0.999,0.999,1195751924,1134003,1054.5,0.997,0.999
finewiki-0.0.0,ron_Latn,502500000,1.357,370759796,493462,751.3,370280414,492898,751.2,0.999,0.999,366778404,492064,745.4,0.989,0.997
finewiki-0.0.0,slk_Latn,504000000,3.328,152006508,220317,689.9,151427867,220226,687.6,0.996,1.000,147033316,218441,673.1,0.967,0.991
finewiki-0.0.0,slv_Latn,438150000,2.815,155832504,176157,884.6,155649223,176041,884.2,0.999,0.999,152595410,174916,872.4,0.979,0.993
finewiki-0.0.0,spa_Latn,4689450000,1.946,2410980646,1948965,1237.1,2409553257,1948148,1236.8,0.999,1.000,2396584607,1945167,1232.1,0.994,0.998
finewiki-0.0.0,sqi_Latn,279750000,2.898,96747290,112681,858.6,96539131,111673,864.5,0.998,0.991,95883439,111583,859.3,0.991,0.990
finewiki-0.0.0,srp_Cyrl,319350000,0.269,1188656713,664345,1789.2,1188089069,663013,1792.0,1.000,0.998,1183301944,661580,1788.6,0.995,0.996
finewiki-0.0.0,swe_Latn,543900000,0.832,653840368,2470063,264.7,653492286,2469606,264.6,0.999,1.000,650175359,2467524,263.5,0.994,0.999
finewiki-0.0.0,tur_Latn,765750000,1.637,468411082,629762,743.8,467877029,629361,743.4,0.999,0.999,463097019,628180,737.2,0.989,0.997
finewiki-0.0.0,ukr_Cyrl,505950000,0.389,1300802696,1239253,1049.7,1299603384,1238753,1049.1,0.999,1.000,1296024771,1237768,1047.1,0.996,0.999
hplt-4.0,clean/als_Latn,15551400001,0.754,11196323363,12179805,919.3,20618149061,20351508,1013.1,1.842,1.671,20610508059,20350952,1012.8,1.841,1.671
hplt-4.0,clean/bos_Latn,11701950000,1.104,7222710918,10323906,699.6,10604003610,14043748,755.1,1.468,1.360,10602668202,14043397,755.0,1.468,1.360
hplt-4.0,clean/bul_Cyrl,33069000001,0.442,47156839713,46593078,1012.1,74901351453,58067960,1289.9,1.588,1.246,74876616830,58063120,1289.6,1.588,1.246
hplt-4.0,clean/cat_Latn,31153800000,0.777,21258609252,27614886,769.8,40105372226,47124190,851.1,1.887,1.706,39992916357,47094077,849.2,1.881,1.705
hplt-4.0,clean/ces_Latn,45426450000,0.443,97860267851,117324028,834.1,102589278928,97300787,1054.4,1.048,0.829,102567903659,97295457,1054.2,1.048,0.829
hplt-4.0,clean/dan_Latn,30921150000,0.420,53652868101,57754683,929.0,73657011921,64602265,1140.2,1.373,1.119,73634357438,64596612,1139.9,1.372,1.118
hplt-4.0,clean/deu_Latn,252435000000,0.983,934582601352,1053883717,886.8,256723634024,239700457,1071.0,0.275,0.227,256640405625,239686877,1070.7,0.275,0.227
hplt-4.0,clean/ekk_Latn,17814300000,0.450,17699715774,15024995,1178.0,39622561379,26762238,1480.5,2.239,1.781,39605885068,26758148,1480.1,2.238,1.781
hplt-4.0,clean/ell_Grek,35051100001,0.332,102689593671,91479404,1122.5,105524614907,75744934,1393.2,1.028,0.828,105458169279,75735387,1392.5,1.027,0.828
hplt-4.0,clean/eng_Latn/ab,39093045000,0.997,122539987872,140646354,871.3,39228477366,29850893,1314.1,0.320,0.212,39093044609,29833057,1310.4,0.319,0.212
hplt-4.0,clean/eng_Latn/ccc,954587029500,2.727,954587029955,1034352553,922.9,350080839934,257277060,1360.7,0.367,0.249,349101702759,257138413,1357.6,0.366,0.249
hplt-4.0,clean/eng_Latn/ia,175250439000,0.995,659177310619,732246250,900.2,176052217202,137959795,1276.1,0.267,0.188,175250438825,137856594,1271.3,0.266,0.188
hplt-4.0,clean/eus_Latn,7145250000,2.588,2766802337,3556988,777.8,2760476734,3552749,777.0,0.998,0.999,2750140759,3551018,774.5,0.994,0.998
hplt-4.0,clean/fin_Latn,28718250000,0.386,57706038376,51435563,1121.9,74322589370,55011910,1351.0,1.288,1.070,74303636285,55007740,1350.8,1.288,1.069
hplt-4.0,clean/fra_Latn,248999850001,0.837,974451524823,914929291,1065.1,297602573670,220401013,1350.3,0.305,0.241,297395536881,220382167,1349.5,0.305,0.241
hplt-4.0,clean/gle_Latn,1878300000,1.983,1000064218,885117,1129.9,947051789,851447,1112.3,0.947,0.962,946547763,851325,1111.9,0.946,0.962
hplt-4.0,clean/glg_Latn,6243600000,2.079,3010418083,4102297,733.8,3002818291,4096224,733.1,0.997,0.999,2944251818,4063111,724.6,0.978,0.990
hplt-4.0,clean/hrv_Latn,27000300000,0.738,19393837284,17447507,1111.6,36567124073,26143284,1398.7,1.886,1.498,36558770449,26141289,1398.5,1.885,1.498
hplt-4.0,clean/hun_Latn,33337800000,0.303,92766016105,80685036,1149.7,109883797544,76445077,1437.4,1.185,0.947,109847516849,76438359,1437.1,1.184,0.947
hplt-4.0,clean/isl_Latn,10010250000,1.279,4298513807,4546258,945.5,7823699893,7743629,1010.3,1.820,1.703,7818210551,7741922,1009.9,1.819,1.703
hplt-4.0,clean/ita_Latn,88371000000,0.626,290292176536,384192861,755.6,141258261931,156744663,901.2,0.487,0.408,141212985314,156737392,901.0,0.486,0.408
hplt-4.0,clean/lit_Latn,26463000000,0.551,23934780270,21946435,1090.6,48017607004,36573330,1312.9,2.006,1.666,48001483095,36568800,1312.6,2.006,1.666
hplt-4.0,clean/ltg_Latn,35550000,1.868,19106799,14111,1354.0,19032658,14011,1358.4,0.996,0.993,19032934,14011,1358.4,0.996,0.993
hplt-4.0,clean/lvs_Latn,22121400000,0.538,19456302361,12157413,1600.4,41103516770,21127108,1945.5,2.113,1.738,41077953513,21122285,1944.8,2.111,1.737
hplt-4.0,clean/mkd_Cyrl,9463350000,1.065,5194078041,7424445,699.6,8886720631,11960451,743.0,1.711,1.611,8882064297,11959801,742.7,1.710,1.611
hplt-4.0,clean/mlt_Latn,2253450000,2.340,970459347,854014,1136.4,962987740,849165,1134.0,0.992,0.994,962892735,849158,1133.9,0.992,0.994
hplt-4.0,clean/nld_Latn,55324200000,0.438,170546788814,214553429,794.9,126281917724,131003630,964.0,0.740,0.611,126258661015,130998086,963.8,0.740,0.611
hplt-4.0,clean/nno_Latn,1871250000,1.529,1226222836,1478988,829.1,1223629689,1477546,828.1,0.998,0.999,1222472617,1477308,827.5,0.997,0.999
hplt-4.0,clean/nob_Latn,29675400001,0.666,34569056183,37000822,934.3,44547630586,37127055,1199.9,1.289,1.003,44472656226,37111637,1198.3,1.286,1.003
hplt-4.0,clean/pol_Latn,68908650000,0.502,232252106309,276726699,839.3,137213783054,135303756,1014.1,0.591,0.489,137192069297,135299537,1014.0,0.591,0.489
hplt-4.0,clean/por_Latn,97305000000,0.629,329046295379,367761984,894.7,154795713622,139214700,1111.9,0.470,0.379,154666654138,139200770,1111.1,0.470,0.379
hplt-4.0,clean/ron_Latn,22713000000,0.258,88109689628,101192506,870.7,87944711998,83128718,1057.9,0.998,0.821,87929480414,83124531,1057.8,0.998,0.821
hplt-4.0,clean/slk_Latn,27548700000,0.547,34872828830,39490021,883.1,50392148786,49725953,1013.4,1.445,1.259,50374893961,49721013,1013.2,1.445,1.259
hplt-4.0,clean/slv_Latn,24637650000,0.652,18057210632,18234487,990.3,37770831201,31363563,1204.3,2.092,1.720,37759022575,31360152,1204.0,2.091,1.720
hplt-4.0,clean/spa_Latn,281250000000,0.844,1067551121362,1117429998,955.4,333338842220,272745778,1222.2,0.312,0.244,332901673058,272616223,1221.1,0.312,0.244
hplt-4.0,clean/srp_Cyrl,12510900000,0.652,9443346139,7566167,1248.1,19184896242,12628921,1519.1,2.032,1.669,19168145245,12625316,1518.2,2.030,1.669
hplt-4.0,clean/srp_Latn,1104000000,0.652,1031609180,1340747,769.4,1692975292,2145895,788.9,1.641,1.601,1692255103,2145851,788.6,1.640,1.600
hplt-4.0,clean/swe_Latn,32697000000,0.377,98222963393,106942233,918.5,86775408808,83258987,1042.2,0.883,0.779,86768565174,83256286,1042.2,0.883,0.779
hplt-4.0,clean/tur_Latn,46164900001,0.386,156494515621,172888172,905.2,119455041337,110582126,1080.2,0.763,0.640,119416992452,110573739,1080.0,0.763,0.640
hplt-4.0,clean/ukr_Cyrl,29778300001,0.252,85081462437,92929623,915.5,118200751843,94290636,1253.6,1.389,1.015,118099901548,94281215,1252.6,1.388,1.015
hplt-4.0,noisy/als_Latn,1231650000,0.754,1636855502,3792703,431.6,1632939579,4677087,349.1,0.998,1.233,1632969281,4677087,349.1,0.998,1.233
hplt-4.0,noisy/bos_Latn,1962000001,1.104,6103411205,11674543,522.8,1777928451,5930980,299.8,0.291,0.508,1777981322,5930980,299.8,0.291,0.508
hplt-4.0,noisy/bul_Cyrl,1391250000,0.441,5635433753,20266745,278.1,3154880098,14563059,216.6,0.560,0.719,3154968722,14563059,216.6,0.560,0.719
hplt-4.0,noisy/cat_Latn,2983500000,0.777,4524903506,11904084,380.1,3839755642,13184853,291.2,0.849,1.108,3839950799,13184853,291.2,0.849,1.108
hplt-4.0,noisy/dan_Latn,2043750000,0.420,17012922573,29657187,573.7,4866117372,14252928,341.4,0.286,0.481,4866140117,14252928,341.4,0.286,0.481
hplt-4.0,noisy/ekk_Latn,1450200000,0.450,3350441384,8142153,411.5,3225573126,9399321,343.2,0.963,1.154,3225695532,9399321,343.2,0.963,1.154
hplt-4.0,noisy/eus_Latn,904350000,2.588,556917085,2113297,263.5,349396990,1746855,200.0,0.627,0.827,349424476,1746855,200.0,0.627,0.827
hplt-4.0,noisy/fin_Latn,1405650000,0.386,18065484445,28315891,638.0,3637917924,13932268,261.1,0.201,0.492,3638241679,13932268,261.1,0.201,0.492
hplt-4.0,noisy/gle_Latn,209400000,1.983,184594945,520878,354.4,105615119,381180,277.1,0.572,0.732,105618694,381180,277.1,0.572,0.732
hplt-4.0,noisy/glg_Latn,828300000,2.079,639526193,2765924,231.2,398380194,2157279,184.7,0.623,0.780,398422895,2157279,184.7,0.623,0.780
hplt-4.0,noisy/hrv_Latn,1613850000,0.738,9066755732,15588869,581.6,2185735676,7071739,309.1,0.241,0.454,2185808233,7071739,309.1,0.241,0.454
hplt-4.0,noisy/isl_Latn,969900000,1.279,860412091,2253892,381.7,758046673,2617049,289.7,0.881,1.161,758081659,2617049,289.7,0.881,1.161
hplt-4.0,noisy/lit_Latn,1605000000,0.551,3288930440,10061157,326.9,2912216396,10709299,271.9,0.885,1.064,2912539303,10709299,272.0,0.886,1.064
hplt-4.0,noisy/ltg_Latn,7200000,1.864,5267241,11386,462.6,3861933,9608,401.9,0.733,0.844,3861993,9608,402.0,0.733,0.844
hplt-4.0,noisy/lvs_Latn,1499250000,0.538,3175561651,5558997,571.2,2785856351,6137336,453.9,0.877,1.104,2785969025,6137336,453.9,0.877,1.104
hplt-4.0,noisy/mkd_Cyrl,636450000,1.065,622248347,2909283,213.9,597672698,3464155,172.5,0.961,1.191,597693570,3464155,172.5,0.961,1.191
hplt-4.0,noisy/mlt_Latn,301500000,2.362,196226606,452047,434.1,127653747,311464,409.9,0.651,0.689,127657920,311464,409.9,0.651,0.689
hplt-4.0,noisy/nno_Latn,560400000,1.529,735937363,2251188,326.9,366464848,1474079,248.6,0.498,0.655,366487972,1474079,248.6,0.498,0.655
hplt-4.0,noisy/nob_Latn,2469150000,0.666,47710551241,27866457,1712.1,3706081852,8759722,423.1,0.078,0.314,3706165597,8759722,423.1,0.078,0.314
hplt-4.0,noisy/ron_Latn,7414050000,0.258,33146198439,41305636,802.5,28706553317,13174942,2178.9,0.866,0.319,28706848399,13174942,2178.9,0.866,0.319
hplt-4.0,noisy/slk_Latn,2693700000,0.547,9383868167,20617110,455.1,4927196895,14343577,343.5,0.525,0.696,4927449916,14343577,343.5,0.525,0.696
hplt-4.0,noisy/slv_Latn,1624800000,0.652,3563075199,8042404,443.0,2490956786,9173611,271.5,0.699,1.141,2491067389,9173611,271.5,0.699,1.141
hplt-4.0,noisy/srp_Cyrl,3313650000,3.511,1174511377,3098308,379.1,943773022,3389527,278.4,0.804,1.094,943793490,3389527,278.4,0.804,1.094
hplt-4.0,noisy/srp_Latn,415350000,0.055,10556875225,16310068,647.3,7531339631,13089935,575.4,0.713,0.803,7531595014,13089935,575.4,0.713,0.803
hplt-4.0,noisy/ukr_Cyrl,643800000,0.252,10456431166,33467466,312.4,2554764967,12510412,204.2,0.244,0.374,2554796722,12510412,204.2,0.244,0.374
megamath-0.0.0,,1272197377500,4.000,318049344118,204140616,1558.0,,,,,,318049344118,204140616,1558.0,1.000,1.000
mixture-vitae-1.0,,1720274503500,4.000,430068626193,332580002,1293.1,,,,,,428221225133,331820115,1290.5,0.996,0.998
nemotron-cc-1.0,high/actual,555553431001,0.997,565924264266,746497814,758.1,557408394715,722119101,771.9,0.985,0.967,555553430471,721716752,769.8,0.982,0.967
nemotron-cc-1.0,medium-high/actual,154639533000,0.300,515465110905,558672867,922.7,515465110905,558672867,922.7,1.000,1.000,514382601499,558485724,921.0,0.998,1.000
nemotron-cc-opus-1.1,bos_Latn,4325850000,0.044,98924620356,156431999,632.4,,,,,,4456233641,7042337,632.8,0.045,0.045
nemotron-cc-opus-1.1,bul_Cyrl,10110000000,0.035,290025674270,316020674,917.7,,,,,,8706326304,9484242,918.0,0.030,0.030
nemotron-cc-opus-1.1,cat_Latn,10196550000,0.082,124353668852,156431999,794.9,,,,,,5595116886,7037215,795.1,0.045,0.045
nemotron-cc-opus-1.1,ces_Latn,13339650000,0.060,222757438780,316020674,704.9,,,,,,23386527867,33186555,704.7,0.105,0.105
nemotron-cc-opus-1.1,ell_Grek,10253250000,0.066,154930307068,156431999,990.4,,,,,,16263223599,16421747,990.3,0.105,0.105
nemotron-cc-opus-1.1,est_Latn,6100950000,0.023,267380655295,316020674,846.1,,,,,,4004408182,4741941,844.5,0.015,0.015
nemotron-cc-opus-1.1,eus_Latn,2549100000,0.025,102052460721,156431999,652.4,,,,,,3059732306,4691066,652.2,0.030,0.030
nemotron-cc-opus-1.1,gle_Latn,612450000,0.002,296758394210,316020674,939.0,,,,,,4457362065,4742798,939.8,0.015,0.015
nemotron-cc-opus-1.1,glg_Latn,2239500000,0.020,109875137469,156431999,702.4,,,,,,1648886419,2346726,702.6,0.015,0.015
nemotron-cc-opus-1.1,hrv_Latn,9061200000,0.084,108210878830,156431999,691.7,,,,,,6493209429,9385437,691.8,0.060,0.060
nemotron-cc-opus-1.1,lav_Latn,7479900001,0.044,170792299748,156431999,1091.8,,,,,,5127521777,4695497,1092.0,0.030,0.030
nemotron-cc-opus-1.1,lit_Latn,8888250000,0.077,114912176393,156431999,734.6,,,,,,3451444388,4696756,734.9,0.030,0.030
nemotron-cc-opus-1.1,mkd_Cyrl,3198300000,0.025,125518960998,156431999,802.4,,,,,,3763587558,4692801,802.0,0.030,0.030
nemotron-cc-opus-1.1,mlt_Latn,816000000,0.006,134951009011,156431999,862.7,,,,,,2026151245,2347035,863.3,0.015,0.015
nemotron-cc-opus-1.1,slk_Latn,9576750000,0.085,113218597419,156431999,723.8,,,,,,8485334760,11726985,723.6,0.075,0.075
nemotron-cc-opus-1.1,slv_Latn,8316450000,0.074,112583053500,156431999,719.7,,,,,,5066230969,7039834,719.7,0.045,0.045
nemotron-cc-opus-1.1,sqi_Latn,5314650000,0.031,174219266179,156431999,1113.7,,,,,,5228750636,4694595,1113.8,0.030,0.030
nemotron-cc-opus-1.1,srp_Cyrl,6061500000,0.046,130924280324,156431999,836.9,,,,,,5887906113,7036009,836.8,0.045,0.045
nemotron-cc-opus-1.1,tur_Latn,14563200000,0.053,274833282698,316020674,869.7,,,,,,24744339128,28448642,869.8,0.090,0.090
nemotron-cc-tower+-0.1,parallel/tower72b/deu_Latn,81081000000,0.990,81859660544,140359346,583.2,,,,,,81862392294,140359346,583.2,1.000,1.000
nemotron-cc-tower+-0.1,parallel/tower72b/fin_Latn,9535200000,0.102,93248682940,140359346,664.4,,,,,,11191169599,16842536,664.5,0.120,0.120
nemotron-cc-tower+-0.1,parallel/tower72b/ita_Latn,27972450000,0.340,82285655894,140359346,586.2,,,,,,48138978965,82104753,586.3,0.585,0.585
nemotron-cc-tower+-0.1,parallel/tower72b/spa_Latn,89124450000,0.973,91611305219,140359346,652.7,,,,,,91613580863,140359346,652.7,1.000,1.000
nemotron-cc-tower+-0.1,parallel/tower72b/swe_Latn,10334250000,0.115,89681716339,140359346,638.9,,,,,,16145458996,25263187,639.1,0.180,0.180
nemotron-cc-tower+-0.1,parallel/tower9b/dan_Latn,9716850000,0.111,87700534458,140359346,624.8,,,,,,10528824911,16847405,625.0,0.120,0.120
nemotron-cc-tower+-0.1,parallel/tower9b/fra_Latn,78850500000,0.770,102377460080,140359346,729.4,,,,,,102378408709,140359346,729.4,1.000,1.000
nemotron-cc-tower+-0.1,parallel/tower9b/hun_Latn,10573050000,0.106,99853552237,140359346,711.4,,,,,,16466325980,23154477,711.2,0.165,0.165
nemotron-cc-tower+-0.1,parallel/tower9b/isl_Latn,3471900000,0.036,97348571405,140359346,693.6,,,,,,2918880998,4210129,693.3,0.030,0.030
nemotron-cc-tower+-0.1,parallel/tower9b/nld_Latn,17493900000,0.187,93648923682,140359346,667.2,,,,,,28102446272,42117190,667.2,0.300,0.300
nemotron-cc-tower+-0.1,parallel/tower9b/nno_Latn,756900000,0.008,90132244358,140359346,642.2,,,,,,1351790582,2105773,641.9,0.015,0.015
nemotron-cc-tower+-0.1,parallel/tower9b/nob_Latn,10185000000,0.121,84161194674,140359346,599.6,,,,,,7570286471,12631719,599.3,0.090,0.090
nemotron-cc-tower+-0.1,parallel/tower9b/pol_Latn,21825150000,0.260,83828958663,140359346,597.2,,,,,,36464775808,61049963,597.3,0.435,0.435
nemotron-cc-tower+-0.1,parallel/tower9b/por_Latn,30859650001,0.342,90185273844,140359346,642.5,,,,,,55466124892,86320468,642.6,0.615,0.615
nemotron-cc-tower+-0.1,parallel/tower9b/ron_Latn,9540150000,0.095,100047217252,140359346,712.8,,,,,,15007503843,21051112,712.9,0.150,0.150
nemotron-cc-tower+-0.1,parallel/tower9b/ukr_Cyrl,9619650000,0.094,102496405840,140359346,730.2,,,,,,15386810182,21063787,730.5,0.150,0.150
nemotron-mind-0.0,,132299121000,1.000,132299120775,231590130,571.3,,,,,,,,,,
nemotron-pretraining-specialized-1.0,,683704312500,2.300,297262744790,60655840,4900.8,,,,,,296831955126,60570162,4900.6,0.999,0.999
nemotron-pretraining-specialized-1.1,,41046166500,4.000,10261541500,19772096,519.0,,,,,,10204366232,19630062,519.8,0.994,0.993
openwebmath-0.0.0,data,55174603500,4.000,13793650775,6315233,2184.2,,,,,,13793650775,6315233,2184.2,1.000,1.000
starcoder-0.0.0,,251955595500,0.910,276861687159,206642239,1339.8,,,,,,251955595123,188045983,1339.9,0.910,0.910
swallow-code-2.0,stage5-auto-format/python/medium,50172253500,0.800,62716070265,28705016,2184.8,,,,,,50172253076,22963268,2184.9,0.800,0.800
swallow-math-2.0,,140167488000,4.000,35041872140,25938075,1351.0,,,,,,35041872140,25938075,1351.0,1.000,1.000
